7/7/2022 22:25:33,JORGE GUDIÑO
7/7/2022 22:25:33,Ciro
7/7/2022 22:25:33,Emma
7/7/2022 22:25:33,Valentina
7/7/2022 22:25:33,Mateo
7/7/2022 22:25:33,Juana
7/7/2022 22:25:33,Francisco
7/7/2022 22:25:33,Jazmin
7/7/2022 22:25:33,Santino
7/7/2022 22:25:33,Catalina
7/7/2022 22:25:33,Tomás
7/7/2022 22:25:33,Benicio
7/7/2022 22:25:33,Bautista
7/7/2022 22:25:33,Josefina
7/7/2022 22:25:33,Renata
7/7/2022 22:25:33,Pilar
7/7/2022 22:25:33,Guillermina
7/7/2022 22:25:33,Martina
7/7/2022 22:25:33,Ignacio
7/7/2022 22:25:33,Julieta
7/7/2022 22:25:33,Victoria
7/7/2022 22:25:33,Delfina
7/7/2022 22:25:33,Isabella
